Authors,Author full names,Title,Year,Source title,DOI,Link,Abstract,Author Keywords,Index Keywords,Affiliations,Authors with affiliations,References,Document Type,Cited by,Source,EID
"Hoteit, Reem; Bou-Hamad, Imad; El Morr, Christo","Hoteit, Reem; Bou-Hamad, Imad; El Morr, Christo","Machine learning prediction of depression, anxiety, and stress among university students during wartime in Lebanon",2026,Scientific Reports,10.1038/s41598-026-70918-3,https://www.nature.com/articles/s41598-026-70918-3.pdf,,Machine learning; Mental health; Depression; Anxiety; Stress; University students; Wartime,,"American University of Beirut, Lebanon; York University, Canada","American University of Beirut, Lebanon; York University, Canada",,Article,0,SpringerLink,S001
"Li, Runnan","Li, Runnan",Construction of a multi-source data integration learning decision framework for college students’ mental health,2026,Discover Internet of Things,10.1007/s43926-026-00412-9,http://link.springer.com/openurl/pdf?id=doi:10.1007/s43926-026-00412-9,,Mental health; College students; Data integration; Machine learning; Deep reinforcement learning; Early intervention; Decision framework,,"Henan University of Engineering, China","Henan University of Engineering, China",,Article,0,SpringerLink,S002
"Liu, Ke; Li, Zhe; Zhao, Yu-Yu; Li, Xin; Guan, Zi-Chun; Tian, Dong-Hua; Li, Su-Xia; Zhang, Xiang-Yang","Liu, Ke; Li, Zhe; Zhao, Yu-Yu; Li, Xin; Guan, Zi-Chun; Tian, Dong-Hua; Li, Su-Xia; Zhang, Xiang-Yang",Identification and validation of an explainable screening model of college students’ mental health with therapeutic strategy implications,2026,Scientific Reports,10.1038/s41598-026-63087-w,https://www.nature.com/articles/s41598-026-63087-w.pdf,,College students; Machine learning; Screening model; Mental health; Interpretability analysis,,"Peking University, China; University of Science and Technology Beijing, China; Beijing Normal University, China; Chinese Academy of Medical Sciences & Peking Union Medical College, China; Institute of Basic Medical Sciences of the Chinese Academy of Medical Sciences; Anhui Medical University, China; Anhui Mental Health Center, China","Peking University, China; University of Science and Technology Beijing, China; Beijing Normal University, China; Chinese Academy of Medical Sciences & Peking Union Medical College, China; Institute of Basic Medical Sciences of the Chinese Academy of Medical Sciences; Anhui Medical University, China; Anhui Mental Health Center, China",,Article,0,SpringerLink,S003
"Zhou, Hao","Zhou, Hao",Reinforcement learning and neural network-driven student psychological crisis intervention strategy,2026,Discover Computing,10.1007/s10791-026-10255-1,http://link.springer.com/openurl/fulltext?id=doi:10.1007/s10791-026-10255-1,,Student mental health analytics; Crisis risk assessment; Adaptive intervention systems; Psychological distress monitoring; Intelligent decision support; Data-driven behavioral modeling,,"Jiangsu Vocational College of Business, China","Jiangsu Vocational College of Business, China",,Article,0,SpringerLink,S004
"Tian, Zhu; Zhang, Jian; Wang, Xia","Tian, Zhu; Zhang, Jian; Wang, Xia",A multimodal fairness aware machine learning framework for mental health risk prediction in university students,2026,Discover Artificial Intelligence,10.1007/s44163-026-01308-x,http://link.springer.com/openurl/fulltext?id=doi:10.1007/s44163-026-01308-x,,Machine learning; Mental health risk prediction; University students; Big data analytics; Ensemble learning; Algorithmic fairness; Digital phenotyping; Interpretable AI,,"Qinhuangdao Vocational and Technical College, China","Qinhuangdao Vocational and Technical College, China",,Article,1,SpringerLink,S005
"Hou, Xia","Hou, Xia",Early warning and intervention for college students’ mental health status based on multimodal deep learning,2026,Discover Applied Sciences,10.1007/s42452-026-08671-5,http://link.springer.com/openurl/fulltext?id=doi:10.1007/s42452-026-08671-5,,Mental health monitoring; Early warning system; Multimodal deep learning; Adaptive feature fusion; Psychological state estimation; Attention mechanism; Explainable AI; Behavioral analytics; Student well-being; AMPAN framework,,"Zhejiang Sci-Tech University, China","Zhejiang Sci-Tech University, China",,Article,0,SpringerLink,S006
"Congying, Xie; Jiacan, Wang","Congying, Xie; Jiacan, Wang",Predicting and Analyzing Mental Health Risk and Characteristics of Young University Students Using Machine Learning and SHAP,2026,International Journal of Mental Health and Addiction,10.1007/s11469-026-01642-2,http://link.springer.com/openurl/fulltext?id=doi:10.1007/s11469-026-01642-2,,Young university students; Multi-model machine learning; SHAP; Mental health risk; Prediction system,,"Zhijiang College of Zhejiang University of Technology; Shaoxing Vocational & Technical College, China","Zhijiang College of Zhejiang University of Technology; Shaoxing Vocational & Technical College, China",,Article,1,SpringerLink,S007
"Patil, Jagruti Ajay; Singh, Jyoti; Rani, Ritu; Bansal, Poonam","Patil, Jagruti Ajay; Singh, Jyoti; Rani, Ritu; Bansal, Poonam",Early Detection of Student Depression in India: A Proactive Approach to Preventing Suicidal Behaviors,2026,Innovative Computing and Communications,10.1007/978-3-032-28307-8_24,http://link.springer.com/openurl/fulltext?id=doi:10.1007/978-3-032-28307-8_24,,Machine Learning; Student Depression Detection; Suicide Prevention; Ensemble Models; SMOTE; CatBoost; Student Mental Health in India,,"Indira Gandhi Delhi Technical University for Women, India","Indira Gandhi Delhi Technical University for Women, India",,Conference Paper,0,SpringerLink,S008
"Alamin, MD.; Tanvir, Md Tasnin; Chowdhury, Zahinul Haque; Abdullah, Md; Tariq, Tahsan Mahmood; Jamee, Ahnaf Tahmid; Hossain, Md Pervez; Kader, Abdul; Hameem, MD. Tahmeed Kowsher","Alamin, MD.; Tanvir, Md Tasnin; Chowdhury, Zahinul Haque; Abdullah, Md; Tariq, Tahsan Mahmood; Jamee, Ahnaf Tahmid; Hossain, Md Pervez; Kader, Abdul; Hameem, MD. Tahmeed Kowsher",A Machine Learning Approach to Predicting Depression in University Students in Bangladesh: Enhancing Mental Health Assessment,2026,Proceedings of the International Conference on Intelligent Data Analysis and Applications (IDAA 2025),10.2991/978-94-6239-664-7_23,http://link.springer.com/openurl/fulltext?id=doi:10.2991/978-94-6239-664-7_23,,Depression prediction; Mental health; Predictive analytics; Machine learning; University students,,,,,Conference Paper,0,SpringerLink,S009
"Islam, Ashadul; Rahman, Aminur; Abdin, Md. Joynal; Rahaman, Oliur; Alam, Md. Nur","Islam, Ashadul; Rahman, Aminur; Abdin, Md. Joynal; Rahaman, Oliur; Alam, Md. Nur",Addressing the Mental Health Crisis: Understanding Suicidal Risk Factors in University Students Through Interpretable Machine Learning,2026,Proceedings of the International Conference on Intelligent Data Analysis and Applications (IDAA 2025),10.2991/978-94-6239-664-7_30,http://link.springer.com/openurl/fulltext?id=doi:10.2991/978-94-6239-664-7_30,,Mental health; Suicidal Risks; Bangladeshi university students; Machine learning; Explainable AI; StudentSafe dataset,,,,,Conference Paper,0,SpringerLink,S010
"Ahmed, Rahat; Baowaly, Mrinal Kanti","Ahmed, Rahat; Baowaly, Mrinal Kanti",A Machine Learning Framework for Early Depression Screening Based On Daily Activities,2026,Proceedings of the International Conference on Intelligent Data Analysis and Applications (IDAA 2025),10.2991/978-94-6239-664-7_27,http://link.springer.com/openurl/fulltext?id=doi:10.2991/978-94-6239-664-7_27,,Depression Screening; Machine Learning Algorithms; University Students; SHAP Explanations; xgboost; Mental Health Monitoring,,,,,Conference Paper,0,SpringerLink,S011
"Turzo, Shovan Samanta; Islam, K. M. Arafat; Ahamed, Md. Sazzadur; Hossain, Md. Fokhray","Turzo, Shovan Samanta; Islam, K. M. Arafat; Ahamed, Md. Sazzadur; Hossain, Md. Fokhray",Early Detection of Mental Health Disorders Among Private University Students in Bangladesh Using Machine Learning-Based Behavioral Data Analysis,2026,Proceedings of the International Conference on Intelligent Data Analysis and Applications (IDAA 2025),10.2991/978-94-6239-664-7_29,http://link.springer.com/openurl/fulltext?id=doi:10.2991/978-94-6239-664-7_29,,Machine Learning; Mental Health Detection; Private University Students; Early Detection; Behavioral Data Analysis; Hyperparameter Tuning,,,,,Conference Paper,0,SpringerLink,S012
"Chai, Zhaojia","Chai, Zhaojia",Construction of the Text Sentiment Analysis Model for College Students’ Mental Health: Based on Machine Learning and Sentiment Dictionary,2026,Health Information Processing,10.1007/978-981-95-7299-1_14,http://link.springer.com/openurl/fulltext?id=doi:10.1007/978-981-95-7299-1_14,,Mental health; College students; Text sentiment analysis; Machine learning; Sentiment dictionary,,"Shanghai International Studies University, China","Shanghai International Studies University, China",,Conference Paper,0,SpringerLink,S013
"Arora, Kanupriya; Joshi, Kapil; Manjunadha, Kusuluri Sri","Arora, Kanupriya; Joshi, Kapil; Manjunadha, Kusuluri Sri","A Four-Country Comparative Review on Stress, Anxiety, and Depression",2026,Expert Applications and Security,10.1007/978-3-032-20114-0_16,http://link.springer.com/openurl/fulltext?id=doi:10.1007/978-3-032-20114-0_16,,Mental Health; Machine Learning; College Students; AI Prediction; Higher Education,,"Uttaranchal University, India","Uttaranchal University, India",,Conference Paper,0,SpringerLink,S014
"Sun, Xiaowei","Sun, Xiaowei",Intelligent Assessment of College Students’ Mental Health Based on Apriori Algorithm,2026,"Application of Big Data, Blockchain, and Internet of Things for Education Informatization",10.1007/978-3-032-18625-6_43,http://link.springer.com/openurl/fulltext?id=doi:10.1007/978-3-032-18625-6_43,,data mining theory; Apriori algorithm; College Student Psychology; mental health; Smart assessments,,"Chongqing Three Gorges Vocational College, China","Chongqing Three Gorges Vocational College, China",,Conference Paper,0,SpringerLink,S015
"Min, Qiuyue; Liu, Wen","Min, Qiuyue; Liu, Wen",Research on the Prediction of Mental Health Problems of Vocational Students Based on Big Data and Deep Learning,2026,"Application of Big Data, Blockchain, and Internet of Things for Education Informatization",10.1007/978-3-032-18631-7_7,http://link.springer.com/openurl/fulltext?id=doi:10.1007/978-3-032-18631-7_7,,big data; deep learning; higher vocational students; Mental health issues,,,,,Conference Paper,0,SpringerLink,S017
"Samara, Kamil; Rizwan, Syed","Samara, Kamil; Rizwan, Syed",Early Detection and Support System for Student Mental Health Using Machine Learning,2026,ICT for Intelligent Systems,10.1007/978-981-95-1365-9_29,http://link.springer.com/openurl/fulltext?id=doi:10.1007/978-981-95-1365-9_29,,Mental health; Machine learning; Anxiety prediction; Student well-being; Early detection; Stress reduction,,"University of Wisconsin–Parkside, USA; University of Wisconsin–Milwaukee, USA","University of Wisconsin–Parkside, USA; University of Wisconsin–Milwaukee, USA",,Conference Paper,0,SpringerLink,S019
"Jahan, Noor Firdoos; Mithun, D. J.; Abhilash, K.","Jahan, Noor Firdoos; Mithun, D. J.; Abhilash, K.",Predicting Suicide Ideation Among College Students in Karnataka Using Machine Learning,2026,Proceedings of the International Conference on AI and Robotics,10.1007/978-3-032-05545-3_2,http://link.springer.com/openurl/fulltext?id=doi:10.1007/978-3-032-05545-3_2,,Suicide Ideation; College Students; Karnataka; Machine Learning; Predictive Modelling; Mental Health,,,,,Conference Paper,0,SpringerLink,S020
"Long, Qing; Wang, Yuning; Axelin, Anna; Zheng, Feng; Cao, Zeng; Li, Xiaotian; Guo, Jia","Long, Qing; Wang, Yuning; Axelin, Anna; Zheng, Feng; Cao, Zeng; Li, Xiaotian; Guo, Jia",Enhancing happiness and life satisfaction in university students: analysis with a machine learning approach,2025,BMC Psychology,10.1186/s40359-025-03809-3,https://www.biomedcentral.com/openurl?doi=10.1186/s40359-025-03809-3,,Subjective well-being; Happiness; Life satisfaction; University students; Machine learning; Feature importance,,"Central South University, China; University of Turku, Finland; Xiangya Hospital Central South University, China","Central South University, China; University of Turku, Finland; Xiangya Hospital Central South University, China",,Article,1,SpringerLink,S021
"Bhattacharjee, Sudha; Hossain, Md. Fokhray; Akhy, Shabnur Anonna; Shimul, Md. Monir Hossain; Hossain, Md. Kamrul","Bhattacharjee, Sudha; Hossain, Md. Fokhray; Akhy, Shabnur Anonna; Shimul, Md. Monir Hossain; Hossain, Md. Kamrul",Predicting depression among public university students in Bangladesh using machine learning models,2025,Discover Mental Health,10.1007/s44192-025-00332-0,http://link.springer.com/openurl/fulltext?id=doi:10.1007/s44192-025-00332-0,,Mental health; University students; Depression; Predictive modeling; Machine learning; Bangladesh,,"Daffodil International University, Bangladesh","Daffodil International University, Bangladesh",,Article,4,SpringerLink,S022
"Ruiz, J.; Cossio, E.; López, E.; Tovar, T.; Aguilar, J.; Betancourt, R.; Ramírez, J.","Ruiz, J.; Cossio, E.; López, E.; Tovar, T.; Aguilar, J.; Betancourt, R.; Ramírez, J.",PMAP: A Multimodal Tool for Visual Analysis of Physiological Biomarkers and Audio for Student Mental Health,2025,Programming and Computer Software,10.1134/S0361768825700574,http://link.springer.com/openurl/fulltext?id=doi:10.1134/S0361768825700574,,physiological biomarkers; audio analysis; student mental health; emotional crisis detection; multimodal monitoring; machine learning,,"Tecnológico de Monterrey, Mexico; University of the Valley of Atemajac, Mexico; Instituto Politécnico Nacional, Mexico; Universidad Autónoma de Sinaloa, Mexico; Universidad de Guadalajara, Mexico","Tecnológico de Monterrey, Mexico; University of the Valley of Atemajac, Mexico; Instituto Politécnico Nacional, Mexico; Universidad Autónoma de Sinaloa, Mexico; Universidad de Guadalajara, Mexico",,Article,0,SpringerLink,S023
"Hasan, Md Emran; Arif, Mohammad; Rakibul Hasan, S. M.; Muwanguzi, Moses; Abaatyo, Joan; Kaggwa, Mark Mohan; ALmerab, Moneerah Mohammad; Atroszko, Pawel A.; Muhit, Mohammad; Al-Mamun, Firoj; Mamun, Mohammed A.","Hasan, Md Emran; Arif, Mohammad; Rakibul Hasan, S. M.; Muwanguzi, Moses; Abaatyo, Joan; Kaggwa, Mark Mohan; ALmerab, Moneerah Mohammad; Atroszko, Pawel A.; Muhit, Mohammad; Al-Mamun, Firoj; Mamun, Mohammed A.","Prevalence, associated factors, and machine learning-based prediction of depression, anxiety, and stress among university students: a cross-sectional study from Bangladesh",2025,"Journal of Health, Population and Nutrition",10.1186/s41043-025-01095-8,https://www.biomedcentral.com/openurl?doi=10.1186/s41043-025-01095-8,,Mental health; Machine learning; University students; Gradient boosting machines; SHAP,,"Nanjing University of Science and Technology, China; University of Dhaka, Bangladesh; University of South Asia, Bangladesh; Mbarara University of Science and Technology, Uganda; King Ceasor University, Uganda; Uganda Christian University, Uganda; McMaster University, Canada; Princess Nourah bint Abdulrahman University, Saudi Arabia; University of Gdańsk, Poland; Jahangirnagar University, Bangladesh","Nanjing University of Science and Technology, China; University of Dhaka, Bangladesh; University of South Asia, Bangladesh; Mbarara University of Science and Technology, Uganda; King Ceasor University, Uganda; Uganda Christian University, Uganda; McMaster University, Canada; Princess Nourah bint Abdulrahman University, Saudi Arabia; University of Gdańsk, Poland; Jahangirnagar University, Bangladesh",,Article,10,SpringerLink,S025
"Sharda, Deepti; Bansal, Ritika; Kaur, Navdeep; Chawla, Sonal","Sharda, Deepti; Bansal, Ritika; Kaur, Navdeep; Chawla, Sonal",Student Health Risk Evaluator (SHRE): A Predictive Machine Learning Framework for Assessing Mental Health Risks in Students,2025,Cureus Journal of Computer Science,10.7759/s44389-025-08088-y,https://www.nature.com/articles/s44389-025-08088-y,,ai in education; learning analytics; mental health prediction; educational decision-making; lasso regularization; student well-being; higher education,,"Panjab University, India; D.A.V. College Chandigarh, India","Panjab University, India; D.A.V. College Chandigarh, India",,Article,0,SpringerLink,S027
"Sarpdağı, Yakup; Kaplan, Ebubekir; Sir, Özkan; Yıldız, Metin; Kaymaz, Devlet; Çiftci, Necmettin; SARPDAĞI, Sevgi","Sarpdağı, Yakup; Kaplan, Ebubekir; Sir, Özkan; Yıldız, Metin; Kaymaz, Devlet; Çiftci, Necmettin; SARPDAĞI, Sevgi",The Effect of Secondary Traumatic Stress and Cognitive Flexibility on Psychological Well-Being in Health Education Students,2025,BMC Medical Education,10.1186/s12909-025-07489-w,https://www.biomedcentral.com/openurl?doi=10.1186/s12909-025-07489-w,,Midwifery student; Nursing student; Cognitive flexibility; Machine learning; Psychological well-being; Secondary traumatic stress,,"Van Yüzüncü Yıl Üniversitesi, Turkey; Sakarya University, Turkey; Muş Alparslan University, Turkey","Van Yüzüncü Yıl Üniversitesi, Turkey; Sakarya University, Turkey; Muş Alparslan University, Turkey",,Article,7,SpringerLink,S028
"Linda, G. Merlin; Bandi, Sudheer Reddy; Chary, B. Yugandhara; Vikasini, N. Kamala; Kavya, D.; Kalyani, D.; Roshan, B.","Linda, G. Merlin; Bandi, Sudheer Reddy; Chary, B. Yugandhara; Vikasini, N. Kamala; Kavya, D.; Kalyani, D.; Roshan, B.",Data Mining and Machine Learning based Student Mental Health Identification across Telangana Regions in India,2025,Proceedings of International Conference on Computer Science and Communication Engineering (ICCSCE 2025),10.2991/978-94-6463-858-5_43,http://link.springer.com/openurl/fulltext?id=doi:10.2991/978-94-6463-858-5_43,,Mental Health; Students; Machine Learning; Career; Health; Relationships; Treatment,,,,,Conference Paper,0,SpringerLink,S029
"Qin, Chengtao","Qin, Chengtao",Artificial Intelligence and Predictive Analytics for Building Multi-dimensional Psychological Evaluation Models to Address Employment Stressors in College Students,2025,Recent Developments in Computational Finance and Business Analytics,10.1007/978-3-031-99477-7_38,http://link.springer.com/openurl/fulltext?id=doi:10.1007/978-3-031-99477-7_38,,Stress in College Students; Anxiety and Stress Predictors; Work Hours and Academic Stress; Machine Learning in Stress Analysis; Sleep and Mental Health,,"Shandong Vocational College of Science and Technology, China","Shandong Vocational College of Science and Technology, China",,Conference Paper,0,SpringerLink,S030
"Ijiri, Amelia; Mori, Lynsey; Galante, Peter J.; Galante, Peter M.","Ijiri, Amelia; Mori, Lynsey; Galante, Peter J.; Galante, Peter M.",Data-Driven Approach to Well Being Tracking in Language Education for Whole Person Learning,2025,Learning and Collaboration Technologies,10.1007/978-3-031-93567-1_18,http://link.springer.com/openurl/fulltext?id=doi:10.1007/978-3-031-93567-1_18,,Social-Emotional Learning (SEL); Microsoft Reflect; Psychometrics; Emotional Feedback; Instructional Adaptability; Digital Emotional Data; SEL Analytics; Japanese Higher Education; Well-being; Whole-person Learning,,"Kyoto Institute of Technology, Japan; Kyoto University of Foreign Studies, Japan; Farmingdale State College, USA","Kyoto Institute of Technology, Japan; Kyoto University of Foreign Studies, Japan; Farmingdale State College, USA",,Conference Paper,0,SpringerLink,S031
"Ayon, Shahriar Siddique; Hossain, Muhammad Ebrahim; Miah, Md. Saef Ullah; Rahman, M. Mostafizur; Mahmud, Mufti","Ayon, Shahriar Siddique; Hossain, Muhammad Ebrahim; Miah, Md. Saef Ullah; Rahman, M. Mostafizur; Mahmud, Mufti",Advancing Mental Health Problems with Machine Learning and Genetic Algorithms for Anxiety Classification in Bangladeshi University Students,2025,Brain Informatics,10.1007/978-981-96-3294-7_26,http://link.springer.com/openurl/fulltext?id=doi:10.1007/978-981-96-3294-7_26,,Mental Health Problems; Genetic Algorithm (GA); machine learning; Bangladeshi University Students; Anxiety Classification,,"American International University-Bangladesh, Bangladesh; Nottingham Trent University, United Kingdom","American International University-Bangladesh, Bangladesh; Nottingham Trent University, United Kingdom",,Conference Paper,7,SpringerLink,S033
"Hegde, Vinayak; Manoj, S.; Eshwar, H. S.; Pallavi, M. S.","Hegde, Vinayak; Manoj, S.; Eshwar, H. S.; Pallavi, M. S.",Unveiling Academic Triumphs: Insights into Student Well-Being and Social Dynamics,2025,ICT Analysis and Applications,10.1007/978-981-97-8602-2_30,http://link.springer.com/openurl/fulltext?id=doi:10.1007/978-981-97-8602-2_30,,Learning analytics; Academic success; Student well-being; Social dynamics; Educational data mining; Academic performance,,"Amrita Vishwa Vidyapeetham, India","Amrita Vishwa Vidyapeetham, India",,Conference Paper,0,SpringerLink,S034
"Liang, Xiaoying; Liu, Yuran","Liang, Xiaoying; Liu, Yuran",Application of Machine Learning Algorithms to Mental Health Data Processing for College Students,2025,Frontier Computing: Vol 1,10.1007/978-981-96-2794-3_8,http://link.springer.com/openurl/fulltext?id=doi:10.1007/978-981-96-2794-3_8,,college students’ mental health; Data Processing; machine learning algorithms; clustering algorithms,,"Guangdong Ocean University, China","Guangdong Ocean University, China",,Conference Paper,0,SpringerLink,S035
"Filippis, Rocco; Foysal, Abdullah Al","Filippis, Rocco; Foysal, Abdullah Al",Comprehensive analysis of stress factors affecting students: a machine learning approach,2024,Discover Artificial Intelligence,10.1007/s44163-024-00169-6,http://link.springer.com/openurl/fulltext?id=doi:10.1007/s44163-024-00169-6,,Student stress analysis; Mental health in education; Academic performance correlation; Machine learning applications; Psychological well-being; Educational interventions,,"University of Genoa, Italy","University of Genoa, Italy",,Article,20,SpringerLink,S037
"Jia, Yin","Jia, Yin","Impact of Music Teaching on Student Mental Health Using IoT, Recurrent Neural Networks, and Big Data Analytics",2024,Mobile Networks and Applications,10.1007/s11036-024-02366-0,http://link.springer.com/openurl/fulltext?id=doi:10.1007/s11036-024-02366-0,,internet of things; Machine Learning; Music Teaching; Student Mental Health; Recurrent Neural Networks (RNNs); Bigdata Analytics; Music Education,,"Sias University, China","Sias University, China",,Article,7,SpringerLink,S038
"King, Ronnel B.; Wang, Yi; Fu, Lingyi; Leung, Shing On","King, Ronnel B.; Wang, Yi; Fu, Lingyi; Leung, Shing On",Identifying the top predictors of student well-being across cultures using machine learning and conventional statistics,2024,Scientific Reports,10.1038/s41598-024-55461-3,https://www.nature.com/articles/s41598-024-55461-3,,Subjective well-being; Programme for International Student Assessment; Machine learning; Life satisfaction; Positive affect; Negative affect,,"Chinese University of Hong Kong, Hong Kong; University of Macau, Macao; University of Utah, USA","Chinese University of Hong Kong, Hong Kong; University of Macau, Macao; University of Utah, USA",,Article,40,SpringerLink,S040
"Wang, Yi; King, Ronnel B.; Fu, Lingyi Karrie; Leung, Shing On","Wang, Yi; King, Ronnel B.; Fu, Lingyi Karrie; Leung, Shing On",Understanding Students’ Subjective and Eudaimonic Well-Being: Combining both Machine Learning and Classical Statistics,2024,Applied Research in Quality of Life,10.1007/s11482-023-10232-6,http://link.springer.com/openurl/fulltext?id=doi:10.1007/s11482-023-10232-6,,Subjective well-being; Eudaimonic well-being; Large-scale assessment; Machine learning; Hong Kong students; PISA 2018,,"University of Macau, Macao; Chinese University of Hong Kong, Hong Kong; University of Utah, USA","University of Macau, Macao; Chinese University of Hong Kong, Hong Kong; University of Utah, USA",,Article,14,SpringerLink,S041
"Aguilar, Samir; Huaman, Antony; Ticona, Wilfredo","Aguilar, Samir; Huaman, Antony; Ticona, Wilfredo",Proposal of a Machine Learning Model for the Early Detection of Depression in University Students,2024,Artificial Intelligence Algorithm Design for Systems,10.1007/978-3-031-70518-2_55,http://link.springer.com/openurl/fulltext?id=doi:10.1007/978-3-031-70518-2_55,,Machine learning; Depression; University students; Mental health; Methodology; support vector machines,,"Universidad Tecnológica del Perú, Peru","Universidad Tecnológica del Perú, Peru",,Conference Paper,0,SpringerLink,S042
"Long, Yuling","Long, Yuling",Data Analysis of Middle School Students’ Mental Health Test in Intelligent Security Management System,2024,Artificial Intelligence for Future Society,10.1007/978-3-031-69457-8_25,http://link.springer.com/openurl/fulltext?id=doi:10.1007/978-3-031-69457-8_25,,Intelligent Security Management System; Data Mining; decision trees; Student Mental Health,,"Wuhan Business University, China","Wuhan Business University, China",,Conference Paper,0,SpringerLink,S043
"Nguyen, Tu Anh Hoang; Nguyen, Quang-Dieu; Pham, Phu; Nguyen, Loan T. T.","Nguyen, Tu Anh Hoang; Nguyen, Quang-Dieu; Pham, Phu; Nguyen, Loan T. T.",Enhancing Machine Learning Approaches for Early Detection of Depression Levels for Vietnamese Students,2024,Intelligent Systems Design and Applications,10.1007/978-3-031-64776-5_37,http://link.springer.com/openurl/fulltext?id=doi:10.1007/978-3-031-64776-5_37,,Depression analysis; Machine learning; Well-being; Vietnamese student; Mental health,,"Vietnam National University Ho Chi Minh City, Vietnam; Ho Chi Minh City International University, Vietnam; HUTECH University","Vietnam National University Ho Chi Minh City, Vietnam; Ho Chi Minh City International University, Vietnam; HUTECH University",,Conference Paper,2,SpringerLink,S044
"Chen, Tianhua","Chen, Tianhua",Investigating the mental health of university students during the COVID-19 pandemic in a UK university: a machine learning approach using feature permutation importance,2023,Brain Informatics,10.1186/s40708-023-00205-8,http://link.springer.com/openurl/fulltext?id=doi:10.1186/s40708-023-00205-8,,Mental Wellbeing; Mental Health; Student Wellbeing; Artificial Intelligence; Machine Learning,,"University of Huddersfield, United Kingdom","University of Huddersfield, United Kingdom",,Article,13,SpringerLink,S047
"Wang, Yi; King, Ronnel; Leung, Shing On","Wang, Yi; King, Ronnel; Leung, Shing On",Understanding Chinese Students' Well-Being: A Machine Learning Study,2023,Child Indicators Research,10.1007/s12187-022-09997-3,http://link.springer.com/openurl/fulltext?id=doi:10.1007/s12187-022-09997-3,,Subjective Well-Being; Eudaimonic Well-Being; Machine Learning; Chinese Students; PISA 2018,,"University of Macau, Macao; Chinese University of Hong Kong, Hong Kong","University of Macau, Macao; Chinese University of Hong Kong, Hong Kong",,Article,19,SpringerLink,S048
"Gurusamy, Deivanai; Chakrabarti, Prasun; Midhunchakkaravarthy; Chakrabarti, Tulika; Jin, Xue-bo","Gurusamy, Deivanai; Chakrabarti, Prasun; Midhunchakkaravarthy; Chakrabarti, Tulika; Jin, Xue-bo","Machine Learning, Wearable, and Smartphones for Student’s Mental Health Analysis",2023,Third Congress on Intelligent Systems,10.1007/978-981-19-9225-4_25,http://link.springer.com/openurl/fulltext?id=doi:10.1007/978-981-19-9225-4_25,,Mental health; Students; Machine learning; wearables; smartphones,,"Lincoln University College, Malaysia; Maharaja Sayajirao University of Baroda, India; Sir Padampat Singhania University, India; Beijing Technology and Business University, China","Lincoln University College, Malaysia; Maharaja Sayajirao University of Baroda, India; Sir Padampat Singhania University, India; Beijing Technology and Business University, China",,Conference Paper,3,SpringerLink,S049
"Liu, Linming; Wang, Jian","Liu, Linming; Wang, Jian",Analysis of the Influence Factors of College Students’ Game Addiction Under the Background of Big Data Technology,2023,Proceedings of the 2022 International Conference on Educational Innovation and Multimedia Technology (EIMT 2022),10.2991/978-94-6463-012-1_51,http://link.springer.com/openurl/fulltext?id=doi:10.2991/978-94-6463-012-1_51,,Big Data; Mental Health; College Students’ Online Game Addiction; Java Technology; Negative Life Events; Ruminant Thinking,,"Jiangxi University of Traditional Chinese Medicine, China; Nanchang Normal University, China","Jiangxi University of Traditional Chinese Medicine, China; Nanchang Normal University, China",,Conference Paper,0,SpringerLink,S050
"Diaz-Hernandez, Irving; Marquez, Bogart Yail; Guerrero-Luis, Maribel; Gallardo, Raúl Barutch Pimienta","Diaz-Hernandez, Irving; Marquez, Bogart Yail; Guerrero-Luis, Maribel; Gallardo, Raúl Barutch Pimienta",Relationship of the Socioeconomic Conditions with the Emotional Well-Being of the Students of the Tecnológico Nacional de México Campus Tijuana: An Analysis Using Data Mining,2022,"Advanced Research in Technologies, Information, Innovation and Sustainability",10.1007/978-3-031-20319-0_41,http://link.springer.com/openurl/fulltext?id=doi:10.1007/978-3-031-20319-0_41,,University students; Emotional well-being; Socioeconomic status; Data mining,,"Instituto Tecnológico de Tijuana, Mexico","Instituto Tecnológico de Tijuana, Mexico",,Conference Paper,0,SpringerLink,S051
"Xie, Lin","Xie, Lin",Practice of Big Data Technology and Improved BP Neural Network in College Students’ Mental Health Education,2021,Application of Intelligent Systems in Multi-modal Information Analytics,10.1007/978-3-030-74811-1_120,http://link.springer.com/openurl/fulltext?id=doi:10.1007/978-3-030-74811-1_120,,Big data technology; Improved BP neural network; Mental health education; Student psychological development,,"Jilin Engineering Normal University, China","Jilin Engineering Normal University, China",,Conference Paper,1,SpringerLink,S053
