id,database,year,doc_type,title,doi,screening,screening_reason,study_type,population,outcome,data_source,method,xai,best_result,country,quality_note,summary_en
S001,SpringerLink,2026,Article,"Machine learning prediction of depression, anxiety, and stress among university students during wartime in Lebanon",10.1038/s41598-026-70918-3,INCLUDE,,predictive_model,university,depression;anxiety;stress,survey,ensemble_boosting;classic_ml,no,Balanced RF PR-AUC 0.93 (depression); AdaBoost PR-AUC 0.95 (stress),Lebanon,clear,"Predicts depression, anxiety and stress in 225 university students during the 2024 war with a survey (PHQ-9, GAD-7, PSS-10) and nine supervised algorithms. Balanced random forest and AdaBoost perform best; sleep, diet, physical activity, social media use, coping and fear for safety are key predictors."
S002,SpringerLink,2026,Article,Construction of a multi-source data integration learning decision framework for college students’ mental health,10.1007/s43926-026-00412-9,INCLUDE,,system_framework,university,general_mh_risk,multimodal,deep_learning;reinforcement_learning,no,"Accuracy 95%, F1 > 0.8",,vague,"Proposes MSDIL-MH, a framework that integrates academic performance, attendance, internet use, social contacts and psychological tests with deep reinforcement learning for early risk detection. Reports higher accuracy than single-source methods without describing the dataset."
S003,SpringerLink,2026,Article,Identification and validation of an explainable screening model of college students’ mental health with therapeutic strategy implications,10.1038/s41598-026-63087-w,INCLUDE,,predictive_model,university,depression,survey,ensemble_boosting;classic_ml,yes,XGBoost AUC 0.887,,clear,"Develops an explainable depression screening model with 100,257 college students (data from the COVID-19 campus lockdown), comparing 13 algorithms. XGBoost performs best (AUC 0.887); SHAP shows anxiety as the main risk factor and resilience as protective."
S004,SpringerLink,2026,Article,Reinforcement learning and neural network-driven student psychological crisis intervention strategy,10.1007/s10791-026-10255-1,INCLUDE,,system_framework,university,general_mh_risk;stress;anxiety;depression,public_dataset,deep_learning;reinforcement_learning,no,Accuracy 97.68%,,clear,"Proposes IFF-DDPG, combining a neural network for psychological crisis risk with a reinforcement learning agent that optimises interventions, on a 5,800-record dataset. Reports 97.68% accuracy and post-intervention reductions in stress, anxiety and depression."
S005,SpringerLink,2026,Article,A multimodal fairness aware machine learning framework for mental health risk prediction in university students,10.1007/s44163-026-01308-x,INCLUDE,,predictive_model,university,general_mh_risk,multimodal,ensemble_boosting,yes,AUC 0.972; external validation AUC 0.947,China,clear,"Presents BD-MHAM, a multimodal framework (psychological assessments, academic records, digital behaviour, physiology, environment and EMA) with a fairness-constrained ensemble, tested on 14,604 students from 24 universities. It reaches AUC 0.972 with external validation; SHAP highlights sleep, academic trajectory and social interaction."
S006,SpringerLink,2026,Article,Early warning and intervention for college students’ mental health status based on multimodal deep learning,10.1007/s42452-026-08671-5,INCLUDE,,predictive_model,university,general_mh_risk;stress,multimodal,deep_learning,yes,"Accuracy 95.3%, F1 93.6%",,clear,"Proposes AMPAN, a multimodal deep network with attention that integrates survey and academic behaviour data of 3,500 college students over four semesters for early warning. It outperforms BiLSTM and multimodal Transformer baselines; attention maps increase counsellors' confidence."
S007,SpringerLink,2026,Article,Predicting and Analyzing Mental Health Risk and Characteristics of Young University Students Using Machine Learning and SHAP,10.1007/s11469-026-01642-2,INCLUDE,,predictive_model,university,general_mh_risk,survey,ensemble_boosting;classic_ml,yes,"Gradient boosting accuracy 0.923, AUC 0.877",,clear,"Identifies 14 factors qualitatively and compares several algorithms to predict mental health risk in university students. Gradient boosting with SHAP performs best; psychological attention, only-child status and interpersonal distress are the most influential factors."
S008,SpringerLink,2026,Conference Paper,Early Detection of Student Depression in India: A Proactive Approach to Preventing Suicidal Behaviors,10.1007/978-3-032-28307-8_24,INCLUDE,,predictive_model,university,depression;suicide,public_dataset,ensemble_boosting;classic_ml,no,CatBoost and gradient boosting (best recall),India,clear,"Compares several algorithms on an open Kaggle dataset to detect depression in Indian students, prioritising recall because of suicide risk. CatBoost and gradient boosting perform best; academic pressure, financial stress, suicidal thoughts and sleep are the main factors."
S009,SpringerLink,2026,Conference Paper,A Machine Learning Approach to Predicting Depression in University Students in Bangladesh: Enhancing Mental Health Assessment,10.2991/978-94-6239-664-7_23,INCLUDE,,predictive_model,university,depression,survey,ensemble_boosting;classic_ml,no,Voting classifier accuracy 98.70%,Bangladesh,clear,Predicts depression severity (PHQ-9) in 577 Bangladeshi university students with six classifiers. The voting classifier reaches 98.7% accuracy; privacy and consent are emphasised.
S010,SpringerLink,2026,Conference Paper,Addressing the Mental Health Crisis: Understanding Suicidal Risk Factors in University Students Through Interpretable Machine Learning,10.2991/978-94-6239-664-7_30,INCLUDE,,predictive_model,university,suicide,survey,ensemble_boosting;classic_ml,yes,XGBoost F1 75.36%,Bangladesh,clear,"Presents StudentSafe, a psychiatrist-validated dataset of 4,004 students from 99 universities, to predict suicide risk. XGBoost reaches F1 75.36%; LIME and SHAP point to device use, institution type, academic achievement and family environment."
S011,SpringerLink,2026,Conference Paper,A Machine Learning Framework for Early Depression Screening Based On Daily Activities,10.2991/978-94-6239-664-7_27,INCLUDE,,predictive_model,university,depression,survey,ensemble_boosting;classic_ml,yes,XGBoost accuracy 86.9%,Bangladesh,clear,"Screens depression in 1,000 university students from daily habits (sleep, screen time, socialising, exercise, diet, study) with four models. XGBoost performs best (86.9%); SHAP highlights sleep quality, social interaction, screen time before bed and workload."
S012,SpringerLink,2026,Conference Paper,Early Detection of Mental Health Disorders Among Private University Students in Bangladesh Using Machine Learning-Based Behavioral Data Analysis,10.2991/978-94-6239-664-7_29,INCLUDE,,predictive_model,university,depression;anxiety;stress,survey,ensemble_boosting;deep_learning,no,CatBoost accuracy 99.79%,Bangladesh,clear,"Detects early signs of mental disorders in private university students from non-invasive behavioural data (sleep, study, digital activity) with deep tabular and boosting models. Tuned CatBoost reaches 99.79% accuracy."
S013,SpringerLink,2026,Conference Paper,Construction of the Text Sentiment Analysis Model for College Students’ Mental Health: Based on Machine Learning and Sentiment Dictionary,10.1007/978-981-95-7299-1_14,INCLUDE,,system_framework,university,emotions;general_mh_risk,social_media_text,nlp_sentiment,no,,China,vague,Builds a sentiment analysis model (ML plus sentiment lexicon) on college students' social media texts to track emotional polarity and intensity and warn of crises. No metrics are reported.
S014,SpringerLink,2026,Conference Paper,"A Four-Country Comparative Review on Stress, Anxiety, and Depression",10.1007/978-3-032-20114-0_16,INCLUDE,,review,university,stress;anxiety;depression,not_reported,classic_ml,no,"AUC 0.74 (anxiety), 0.77 (depression)",,vague,"Four-country comparative review of stress, anxiety and depression in university students and the use of random forest and logistic regression. Reports AUC 0.74 and 0.77; finances, campus belonging, disability and age are the main predictors."
S015,SpringerLink,2026,Conference Paper,Intelligent Assessment of College Students’ Mental Health Based on Apriori Algorithm,10.1007/978-3-032-18625-6_43,INCLUDE,,system_framework,university,general_mh_risk,not_reported,association_clustering,no,,,vague,"Proposes assessing college students' mental health with the Apriori algorithm (association rules), validated only by MATLAB simulation. Claims higher accuracy than conventional assessment without figures."
S016,SpringerLink,2026,Conference Paper,Analysis of College Students’ Mental Health Education Based on Machine Learning,10.1007/978-3-032-18628-7_59,DOUBTFUL,Incoherent abstract: no data or analytic method described,other,university,general_mh_risk,not_reported,not_reported,no,,,vague,"Claims to analyse college mental health education with machine learning and reports a 15-16% improvement, but the abstract does not describe data, method or design comprehensibly."
S017,SpringerLink,2026,Conference Paper,Research on the Prediction of Mental Health Problems of Vocational Students Based on Big Data and Deep Learning,10.1007/978-3-032-18631-7_7,INCLUDE,,predictive_model,vocational,general_mh_risk,not_reported,deep_learning,no,Recognition improvement > 10%,China,vague,Uses big data and deep learning to identify psychological problems in vocational students. Claims an improvement above 10% without describing data or model.
S018,SpringerLink,2026,Conference Paper,AI-Driven Mental Health Prediction and Therapy for Early Adulthood: Relapse Prediction After Initial Treatment Response,10.1007/978-3-032-22065-3_6,DOUBTFUL,"Population: adults aged 18-40, not specifically students",predictive_model,not_students,anxiety;depression;other,survey,ensemble_boosting;classic_ml,no,"XGBoost accuracy 70%, top-3 95%",,clear,"Classifies disorders (anxiety, depression, OCD, PTSD, sleep and eating disorders) in 200 adults aged 18-40 with four algorithms. XGBoost performs best (70%); emotional exhaustion, panic attacks and suicidal ideation are the most predictive features."
S019,SpringerLink,2026,Conference Paper,Early Detection and Support System for Student Mental Health Using Machine Learning,10.1007/978-981-95-1365-9_29,INCLUDE,,system_framework,university,anxiety;stress,multimodal,classic_ml,no,Logistic regression accuracy 89.1%,,clear,Presents an early detection and support system that classifies anxiety and stress levels from activity logs and surveys. Logistic regression reaches 89.1%; the system includes automatic alerts and monitoring.
S020,SpringerLink,2026,Conference Paper,Predicting Suicide Ideation Among College Students in Karnataka Using Machine Learning,10.1007/978-3-032-05545-3_2,INCLUDE,,factor_analysis,university,suicide,survey,classic_ml,no,,India,clear,"Analyses suicidal ideation (ASIQ) in 689 college students in Karnataka with decision trees. Age, educational path, relationship problems, peer influence and drug use are the key factors."
S021,SpringerLink,2025,Article,Enhancing happiness and life satisfaction in university students: analysis with a machine learning approach,10.1186/s40359-025-03809-3,INCLUDE,,predictive_model,university,wellbeing,large_scale_survey,ensemble_boosting,yes,RF AUC 0.831 (happiness); XGBoost AUC 0.730 (life satisfaction),China,clear,Predicts happiness and life satisfaction in 816 university students from the China Family Panel Studies with external validation (724). Random forest and XGBoost perform best; SHAP shows interpersonal relationships and future confidence as the main predictors.
S022,SpringerLink,2025,Article,Predicting depression among public university students in Bangladesh using machine learning models,10.1007/s44192-025-00332-0,INCLUDE,,predictive_model,university,depression,survey,classic_ml,yes,SVM (best on all metrics),Bangladesh,clear,"Cross-sectional study of 500 students from 15 public universities: depression prevalence of 85.5%, associated with low CGPA, financial stress, lack of family support, ragging and session delays. SVM is the best model; SHAP highlights counselling services, the education system and session delays."
S023,SpringerLink,2025,Article,PMAP: A Multimodal Tool for Visual Analysis of Physiological Biomarkers and Audio for Student Mental Health,10.1134/S0361768825700574,INCLUDE,,system_framework,university,emotions;stress,sensors_physiological,not_reported,no,,,clear,"Presents PMAP, a platform that visualises physiological biomarkers (heart rate, temperature, via Embrace Plus) and voice patterns to detect emotional crises. It does not yet include machine learning."
S024,SpringerLink,2025,Article,RETRACTED ARTICLE: Explainable artificial intelligence for predictive modeling of student stress in higher education,10.1038/s41598-025-22171-3,RETRACTED,Retracted article,predictive_model,university,stress,survey,ensemble_boosting;classic_ml,yes,RF accuracy 0.89,,clear,RETRACTED. Classified student stress from surveys with six algorithms and SHAP (RF 0.89).
S025,SpringerLink,2025,Article,"Prevalence, associated factors, and machine learning-based prediction of depression, anxiety, and stress among university students: a cross-sectional study from Bangladesh",10.1186/s41043-025-01095-8,INCLUDE,,predictive_model,university,depression;anxiety;stress,survey,ensemble_boosting;classic_ml;statistical,no,SVM accuracy 0.57 (depression); LR 0.69 (anxiety); CatBoost 0.67 (stress),Bangladesh,clear,"Measures prevalence (DASS-21) in 1,697 students from two public universities: depression 56.9%, anxiety 69.5%, stress 32.2%. Combines logistic regression with seven ML models, with only moderate performance; faculty and family relationships are the top predictors."
S026,SpringerLink,2025,Article,The influence of higher education based on machine learning on subjective well-being,10.1038/s41598-025-19116-1,EXCLUDE,"General population (CGSS), not students; studies education as a factor",factor_analysis,not_students,wellbeing,large_scale_survey,ensemble_boosting,yes,,China,clear,"Analyses with XGBoost and GBDT whether higher education increases subjective well-being in 53,874 Chinese residents (CGSS)."
S027,SpringerLink,2025,Article,Student Health Risk Evaluator (SHRE): A Predictive Machine Learning Framework for Assessing Mental Health Risks in Students,10.7759/s44389-025-08088-y,INCLUDE,,predictive_model,university,general_mh_risk,survey,classic_ml,no,Logistic regression accuracy 94.12%,,clear,"Proposes SHRE, a questionnaire-based risk evaluator with Lasso feature selection and four classifiers. Logistic regression reaches 94.12% accuracy."
S028,SpringerLink,2025,Article,The Effect of Secondary Traumatic Stress and Cognitive Flexibility on Psychological Well-Being in Health Education Students,10.1186/s12909-025-07489-w,INCLUDE,,factor_analysis,university,wellbeing;stress,survey,statistical,yes,R² = 0.267,,clear,Examines in 620 nursing and midwifery students how secondary traumatic stress and cognitive flexibility affect psychological well-being (hierarchical regression and SHAP). Both explain 26.7% of the variance; cognitive flexibility is the most important.
S029,SpringerLink,2025,Conference Paper,Data Mining and Machine Learning based Student Mental Health Identification across Telangana Regions in India,10.2991/978-94-6463-858-5_43,INCLUDE,,system_framework,university,general_mh_risk,not_reported,classic_ml;ensemble_boosting,no,,India,vague,"Proposes a platform with logistic regression, SVC and stacking to assess student mental health in Telangana and recommend interventions. No data or metrics are reported."
S030,SpringerLink,2025,Conference Paper,Artificial Intelligence and Predictive Analytics for Building Multi-dimensional Psychological Evaluation Models to Address Employment Stressors in College Students,10.1007/978-3-031-99477-7_38,INCLUDE,,factor_analysis,university,stress;depression,survey,statistical;ensemble_boosting,no,RF MSE 13.46,,clear,"Relates age, working hours, sleep, PHQ-9 and PSS in 280 working college students with OLS regression, random forest and gradient boosting. Anxiety is the strongest predictor of stress; random forest has the lowest error."
S031,SpringerLink,2025,Conference Paper,Data-Driven Approach to Well Being Tracking in Language Education for Whole Person Learning,10.1007/978-3-031-93567-1_18,INCLUDE,,descriptive,university,emotions;wellbeing,institutional_records,statistical,no,,Japan,clear,"Mixed-methods study of Microsoft Reflect (real-time emotional check-ins) in language classes at two universities. 80.3% of students improved emotional awareness, but the authenticity of digital emotional data is questioned."
S032,SpringerLink,2025,Conference Paper,Secure Storage Method of Students’ Mental Health Privacy Data Based on Machine Learning,10.1007/978-3-031-90084-6_8,DOUBTFUL,"Out of scope: data storage security, no analysis of well-being or mental health",system_framework,university,other,not_reported,association_clustering;deep_learning,no,,,clear,Proposes secure storage of students' mental health data by combining k-means with k-anonymity and encryption keys generated by a neural network. Reports lower information loss and faster decryption.
S033,SpringerLink,2025,Conference Paper,Advancing Mental Health Problems with Machine Learning and Genetic Algorithms for Anxiety Classification in Bangladeshi University Students,10.1007/978-981-96-3294-7_26,INCLUDE,,predictive_model,university,anxiety,survey,classic_ml,no,GA-optimised logistic regression accuracy 99.49%,Bangladesh,clear,"Classifies anxiety levels in 1,977 students from 15 universities with eight algorithms and a genetic-algorithm-optimised logistic regression (99.49%). Academic pressure is the main factor."
S034,SpringerLink,2025,Conference Paper,Unveiling Academic Triumphs: Insights into Student Well-Being and Social Dynamics,10.1007/978-981-97-8602-2_30,INCLUDE,,factor_analysis,university,wellbeing,survey,statistical;deep_learning,no,MLP accuracy 79%,,clear,"Relates happiness (Oxford Happiness Questionnaire), social support and academic performance (r = 0.79) and predicts academic success from trauma and addiction with a multilayer perceptron (79%)."
S035,SpringerLink,2025,Conference Paper,Application of Machine Learning Algorithms to Mental Health Data Processing for College Students,10.1007/978-981-96-2794-3_8,INCLUDE,,predictive_model,university,general_mh_risk,institutional_records,classic_ml,no,C5.0 accuracy 85%,China,clear,Applies C5.0 decision trees in SPSS to a college mental health database and compares them with SVM. C5.0 reaches 85% versus 83.12% for SVM.
S036,SpringerLink,2024,Article,Machine learning investigation of optimal psychoemotional well-being factors for students’ reading literacy,10.1007/s10639-024-12580-8,DOUBTFUL,Out of scope: well-being is a predictor; the outcome is reading literacy,factor_analysis,secondary_school,wellbeing,large_scale_survey,classic_ml,yes,SVM accuracy 0.905,China,clear,"Uses PISA 2018 (3,497 students from four Chinese regions) to identify which psychoemotional well-being factors distinguish high and low reading literacy. SVM with recursive feature elimination selects 15 of 25 factors (0.905)."
S037,SpringerLink,2024,Article,Comprehensive analysis of stress factors affecting students: a machine learning approach,10.1007/s44163-024-00169-6,INCLUDE,,factor_analysis,mixed_unspecified,stress,public_dataset,ensemble_boosting,no,,,clear,"Identifies stress factors in 1,100 students (StressLevelDataset) with correlation and random forest feature importance. Self-esteem and sleep quality are key predictors; anxiety correlates negatively with academic performance."
S038,SpringerLink,2024,Article,"Impact of Music Teaching on Student Mental Health Using IoT, Recurrent Neural Networks, and Big Data Analytics",10.1007/s11036-024-02366-0,INCLUDE,,predictive_model,mixed_unspecified,general_mh_risk,sensors_physiological,deep_learning,no,Accuracy 0.886,,clear,"Measures the effect of music education on mental health with IoT sensors (heart rate, environment) and LSTM recurrent networks. Reports 0.886 accuracy and personalised recommendations."
S039,SpringerLink,2024,Article,Framework for suggesting corrective actions to help students intended at risk of low performance based on experimental study of college students using explainable machine learning model,10.1007/s10639-023-12072-1,DOUBTFUL,Main outcome is low academic performance,predictive_model,university,other,institutional_records,classic_ml,yes,Accuracy > 96.5%,,clear,"Predicts students at risk of low performance with explainable ML, including personal, family and mental health factors, and proposes corrective actions. Accuracy exceeds 96.5%."
S040,SpringerLink,2024,Article,Identifying the top predictors of student well-being across cultures using machine learning and conventional statistics,10.1038/s41598-024-55461-3,INCLUDE,,factor_analysis,secondary_school,wellbeing,large_scale_survey,ensemble_boosting;statistical,no,,,clear,"Analyses subjective well-being of 522,836 secondary students from 71 countries (PISA) with LightGBM and hierarchical linear models. School belonging and sense of meaning are common predictors across cultures."
S041,SpringerLink,2024,Article,Understanding Students’ Subjective and Eudaimonic Well-Being: Combining both Machine Learning and Classical Statistics,10.1007/s11482-023-10232-6,INCLUDE,,factor_analysis,secondary_school,wellbeing,large_scale_survey,ensemble_boosting;statistical,no,,Hong Kong,clear,"Compares individual, family and school factors of subjective and eudaimonic well-being in 6,037 Hong Kong students (PISA 2018) with random forest and HLM. School belonging, parental support, resilience and fear of failure predict subjective well-being."
S042,SpringerLink,2024,Conference Paper,Proposal of a Machine Learning Model for the Early Detection of Depression in University Students,10.1007/978-3-031-70518-2_55,INCLUDE,,predictive_model,university,depression,not_reported,classic_ml,no,Logistic regression accuracy 0.81,,clear,Proposes a five-phase model for early depression detection in university students. Logistic regression reaches 0.81 accuracy and 0.85 sensitivity.
S043,SpringerLink,2024,Conference Paper,Data Analysis of Middle School Students’ Mental Health Test in Intelligent Security Management System,10.1007/978-3-031-69457-8_25,INCLUDE,Title says middle school; text says university,system_framework,mixed_unspecified,general_mh_risk,institutional_records,association_clustering;classic_ml,no,13.41% reduction in failing scores,,vague,Uses association rules and decision trees on mental health test data in an intelligent management system to anticipate problems and intervene. After three months the share of students with failing scores drops by 13.41%.
S044,SpringerLink,2024,Conference Paper,Enhancing Machine Learning Approaches for Early Detection of Depression Levels for Vietnamese Students,10.1007/978-3-031-64776-5_37,INCLUDE,,predictive_model,mixed_unspecified,depression,survey,not_reported,no,,Vietnam,vague,Seeks a culturally sensitive early depression diagnosis system for Vietnamese young people aged 15-25. No method or results are described.
S045,SpringerLink,2024,Conference Paper,Prediction Method of Higher Vocational Students’ Psychological Health Education Achievements Based on Big Data Mining Technology,10.1007/978-3-031-51471-5_16,EXCLUDE,"Outcome is the grade in a mental health education course, not mental health",predictive_model,vocational,other,institutional_records,association_clustering,no,,,vague,Predicts grades in mental health education courses for vocational students with data mining and clustering on NoSQL.
S046,SpringerLink,2023,Article,RETRACTED ARTICLE: Exploring the influence of music education on the development of college mental health based on big data,10.1007/s00500-023-09209-2,RETRACTED,Retracted article,descriptive,mixed_unspecified,general_mh_risk,survey,statistical,no,,China,clear,RETRACTED. Assessed the effect of music teaching on mental health with the SCL-90 and SQL Server.
S047,SpringerLink,2023,Article,Investigating the mental health of university students during the COVID-19 pandemic in a UK university: a machine learning approach using feature permutation importance,10.1186/s40708-023-00205-8,INCLUDE,,factor_analysis,university,wellbeing,survey,classic_ml;ensemble_boosting,yes,,United Kingdom,clear,Analyses mental well-being of UK university students during COVID-19 by applying permutation importance to several algorithms. Medical history and adversity worsen well-being; communication with family and friends and exercise improve it.
S048,SpringerLink,2023,Article,Understanding Chinese Students' Well-Being: A Machine Learning Study,10.1007/s12187-022-09997-3,INCLUDE,,factor_analysis,secondary_school,wellbeing,large_scale_survey,ensemble_boosting,no,,China,clear,"Uses PISA data on 12,058 Chinese 15-year-olds and random forest regression to explain four well-being dimensions. School belonging, resilience and fear of failure are the most important predictors."
S049,SpringerLink,2023,Conference Paper,"Machine Learning, Wearable, and Smartphones for Student’s Mental Health Analysis",10.1007/978-981-19-9225-4_25,INCLUDE,,review,mixed_unspecified,stress;depression;anxiety,not_reported,not_reported,no,,,clear,"Reviews studies applying ML, wearables and smartphones to student mental health, which technologies show most potential and which gaps remain."
S050,SpringerLink,2023,Conference Paper,Analysis of the Influence Factors of College Students’ Game Addiction Under the Background of Big Data Technology,10.2991/978-94-6463-012-1_51,INCLUDE,,factor_analysis,university,addiction,survey,statistical;association_clustering,no,Mediation effect 8%,China,clear,"Studies online game addiction in 475 college students with regression and data mining. It differs by year, sex and only-child status; rumination partially mediates the link with negative life events."
S051,SpringerLink,2022,Conference Paper,Relationship of the Socioeconomic Conditions with the Emotional Well-Being of the Students of the Tecnológico Nacional de México Campus Tijuana: An Analysis Using Data Mining,10.1007/978-3-031-20319-0_41,INCLUDE,,factor_analysis,university,wellbeing,survey,classic_ml,no,,Mexico,clear,Relates social and family environment to emotional well-being and career satisfaction in 768 students of TecNM Tijuana using decision trees.
S052,SpringerLink,2022,Conference Paper,"Extracting Attributes of Students Mental Health, Behaviour, Attendance and Performance in Academics During COVID-19 Pandemic using PCA Technique",10.1007/978-981-16-5987-4_56,DOUBTFUL,Main focus is the effectiveness of online learning,factor_analysis,university,general_mh_risk,survey,statistical,no,,,clear,"Analyses with PCA 30 factors (academic, behavioural, mental) from 224 students about online learning during COVID-19."
S053,SpringerLink,2021,Conference Paper,Practice of Big Data Technology and Improved BP Neural Network in College Students’ Mental Health Education,10.1007/978-3-030-74811-1_120,INCLUDE,,other,university,general_mh_risk,social_media_text,deep_learning,no,,China,vague,Discusses the use of big data and BP neural networks for college mental health education through social media. No concrete data or results are described.
